{
    "accuracies": {
        "overall_accuracy": 0.8432680283451438,
        "grouped_accuracies": {
            "by_subtask": {
                "high_school_european_history": 0.8432680283451438
            },
            "by_model": {
                "gemini-2.0-flash-lite": 0.8432680283451438
            },
            "by_input_format": {
                "xml": 0.8432680283451438
            },
            "by_language": {
                "fr": 0.8432680283451438
            }
        }
    }
}