{
    "accuracies": {
        "overall_accuracy": 0.8564273789649416,
        "grouped_accuracies": {
            "by_subtask": {
                "high_school_european_history": 0.8564273789649416
            },
            "by_model": {
                "gemini-2.0-flash-lite": 0.8564273789649416
            },
            "by_input_format": {
                "xml": 0.8564273789649416
            },
            "by_language": {
                "en": 0.8564273789649416
            }
        }
    }
}