{
    "accuracies": {
        "overall_accuracy": 0.8399333055439766,
        "grouped_accuracies": {
            "by_subtask": {
                "high_school_european_history": 0.8399333055439766
            },
            "by_model": {
                "gemini-2.0-flash-lite": 0.8399333055439766
            },
            "by_input_format": {
                "base": 0.8399333055439766
            },
            "by_language": {
                "fr": 0.8399333055439766
            }
        }
    }
}