{
    "accuracies": {
        "overall_accuracy": 0.8591666666666666,
        "grouped_accuracies": {
            "by_subtask": {
                "high_school_european_history": 0.8591666666666666
            },
            "by_model": {
                "gemini-2.0-flash-lite": 0.8591666666666666
            },
            "by_input_format": {
                "base": 0.8591666666666666
            },
            "by_language": {
                "en": 0.8591666666666666
            }
        }
    }
}