{
    "accuracies": {
        "overall_accuracy": 0.8578970523537176,
        "grouped_accuracies": {
            "by_subtask": {
                "high_school_european_history": 0.8578970523537176
            },
            "by_model": {
                "gemini-2.0-flash-lite": 0.8578970523537176
            },
            "by_input_format": {
                "base": 0.8578970523537176
            },
            "by_language": {
                "en": 0.8578970523537176
            }
        }
    }
}