{
    "accuracies": {
        "overall_accuracy": 0.8508333333333333,
        "grouped_accuracies": {
            "by_subtask": {
                "high_school_european_history": 0.8508333333333333
            },
            "by_model": {
                "gemini-2.0-flash-lite": 0.8508333333333333
            },
            "by_input_format": {
                "json": 0.8508333333333333
            },
            "by_language": {
                "en": 0.8508333333333333
            }
        }
    }
}